<?xml version="1.0" ?>
<othello-match>
<<<<<<< HEAD
	<timing finish="Fri Mar 19 15:55:48 2021" start="Fri Mar 19 15:51:47 2021"/>
	<player1 color="B" directory="reversIA" result="win" score="42"/>
	<player2 color="W" directory="randomplayer" result="loss" score="22"/>
	<moves>
		<move color="B" coord="4,5"/>
		<move color="W" coord="5,3"/>
		<move color="B" coord="5,2"/>
		<move color="W" coord="3,5"/>
		<move color="B" coord="2,3"/>
		<move color="W" coord="3,2"/>
		<move color="B" coord="4,1"/>
		<move color="W" coord="3,1"/>
		<move color="B" coord="5,4"/>
		<move color="W" coord="1,2"/>
		<move color="B" coord="1,4"/>
		<move color="W" coord="6,4"/>
		<move color="B" coord="3,0"/>
		<move color="W" coord="4,6"/>
		<move color="B" coord="0,1"/>
		<move color="W" coord="6,1"/>
		<move color="B" coord="3,6"/>
		<move color="W" coord="6,2"/>
		<move color="B" coord="6,5"/>
		<move color="W" coord="2,5"/>
		<move color="B" coord="5,6"/>
		<move color="W" coord="1,3"/>
		<move color="B" coord="1,6"/>
		<move color="W" coord="5,5"/>
		<move color="B" coord="7,4"/>
		<move color="W" coord="3,7"/>
		<move color="B" coord="7,0"/>
		<move color="W" coord="4,2"/>
		<move color="B" coord="6,3"/>
		<move color="W" coord="7,6"/>
		<move color="B" coord="2,6"/>
		<move color="W" coord="2,0"/>
		<move color="B" coord="2,1"/>
		<move color="W" coord="5,7"/>
		<move color="B" coord="0,3"/>
		<move color="W" coord="2,2"/>
		<move color="B" coord="1,1"/>
		<move color="W" coord="2,4"/>
		<move color="B" coord="7,5"/>
		<move color="W" coord="1,7"/>
		<move color="B" coord="6,6"/>
		<move color="W" coord="0,0"/>
		<move color="B" coord="2,7"/>
		<move color="W" coord="0,2"/>
		<move color="B" coord="0,4"/>
		<move color="W" coord="4,7"/>
		<move color="B" coord="0,7"/>
		<move color="W" coord="0,6"/>
		<move color="B" coord="0,5"/>
		<move color="W" coord="7,1"/>
		<move color="B" coord="7,2"/>
		<move color="W" coord="4,0"/>
		<move color="B" coord="5,0"/>
		<move color="W" coord="5,1"/>
		<move color="B" coord="6,7"/>
		<move color="W" coord="6,0"/>
		<move color="B" coord="1,5"/>
		<move color="W" coord="7,3"/>
		<move color="B" coord="7,7"/>
		<move color="B" coord="1,0"/>
=======
	<timing finish="Thu Mar 18 16:56:12 2021" start="Thu Mar 18 16:55:12 2021"/>
	<player1 color="B" directory="randomplayer" result="loss" score="19"/>
	<player2 color="W" directory="reversIA" result="win" score="45"/>
	<moves>
		<move color="B" coord="4,5"/>
		<move color="W" coord="3,5"/>
		<move color="B" coord="2,2"/>
		<move color="W" coord="3,2"/>
		<move color="B" coord="2,3"/>
		<move color="W" coord="1,4"/>
		<move color="B" coord="4,2"/>
		<move color="W" coord="2,1"/>
		<move color="B" coord="2,5"/>
		<move color="W" coord="5,2"/>
		<move color="B" coord="1,1"/>
		<move color="W" coord="1,2"/>
		<move color="B" coord="1,3"/>
		<move color="W" coord="0,3"/>
		<move color="B" coord="0,1"/>
		<move color="W" coord="2,4"/>
		<move color="B" coord="0,4"/>
		<move color="W" coord="0,0"/>
		<move color="B" coord="4,1"/>
		<move color="W" coord="1,5"/>
		<move color="B" coord="0,5"/>
		<move color="W" coord="5,4"/>
		<move color="B" coord="2,0"/>
		<move color="W" coord="3,1"/>
		<move color="B" coord="0,2"/>
		<move color="W" coord="2,6"/>
		<move color="B" coord="5,3"/>
		<move color="W" coord="5,1"/>
		<move color="B" coord="5,5"/>
		<move color="W" coord="6,6"/>
		<move color="B" coord="5,6"/>
		<move color="W" coord="1,6"/>
		<move color="B" coord="2,7"/>
		<move color="W" coord="6,5"/>
		<move color="B" coord="7,4"/>
		<move color="W" coord="6,4"/>
		<move color="B" coord="7,5"/>
		<move color="W" coord="4,0"/>
		<move color="B" coord="5,0"/>
		<move color="W" coord="6,0"/>
		<move color="B" coord="6,1"/>
		<move color="W" coord="6,2"/>
		<move color="B" coord="5,7"/>
		<move color="W" coord="0,6"/>
		<move color="B" coord="6,3"/>
		<move color="W" coord="3,6"/>
		<move color="B" coord="3,7"/>
		<move color="W" coord="4,6"/>
		<move color="B" coord="7,1"/>
		<move color="W" coord="7,2"/>
		<move color="B" coord="0,7"/>
		<move color="W" coord="7,0"/>
		<move color="B" coord="4,7"/>
		<move color="W" coord="7,6"/>
		<move color="B" coord="6,7"/>
		<move color="W" coord="7,3"/>
		<move color="B" coord="3,0"/>
		<move color="W" coord="1,7"/>
		<move color="B" coord="1,0"/>
		<move color="W" coord="7,7"/>
>>>>>>> origin/main
	</moves>
</othello-match>
